[{"name": "Bermuda", "official_name": "Bermuda", "population": 63903, "continents": ["North America"], "lat": 32.33333333, "long": -64.75, "code_2": "BM", "code_3": "BMU", "flag": "🇧🇲", "area": 54.0, "capitals": ["Hamilton"]}, {"name": "Cook Islands", "official_name": "Cook Islands", "population": 18100, "continents": ["Oceania"], "lat": -21.23333333, "long": -159.76666666, "code_2": "CK", "code_3": "COK", "flag": "🇨🇰", "area": 236.0, "capitals": ["Avarua"]}, {"name": "American Samoa", "official_name": "American Samoa", "population": 55197, "continents": ["Oceania"], "lat": -14.33333333, "long": -170.0, "code_2": "AS", "code_3": "ASM", "flag": "🇦🇸", "area": 199.0, "capitals": ["Pago Pago"]}, {"name": "Saint Martin", "official_name": "Saint Martin", "population": 38659, "continents": ["North America"], "lat": 18.0708, "long": 63.0501, "code_2": "MF", "code_3": "MAF", "flag": "🇲🇫", "area": 53.0, "capitals": ["Marigot"]}, {"name": "Guam", "official_name": "Guam", "population": 168783, "continents": ["Oceania"], "lat": 13.46666666, "long": 144.78333333, "code_2": "GU", "code_3": "GUM", "flag": "🇬🇺", "area": 549.0, "capitals": ["Hagåtña"]}, {"name": "Jersey", "official_name": "Bailiwick of Jersey", "population": 100800, "continents": ["Europe"], "lat": 49.25, "long": -2.16666666, "code_2": "JE", "code_3": "JEY", "flag": "🇯🇪", "area": 116.0, "capitals": ["Saint Helier"]}, {"name": "Western Sahara", "official_name": "Sahrawi Arab Democratic Republic", "population": 510713, "continents": ["Africa"], "lat": 24.5, "long": -13.0, "code_2": "EH", "code_3": "ESH", "flag": "🇪🇭", "area": 266000.0, "capitals": ["El Aaiún"]}, {"name": "Puerto Rico", "official_name": "Commonwealth of Puerto Rico", "population": 3194034, "continents": ["North America"], "lat": 18.25, "long": -66.5, "code_2": "PR", "code_3": "PRI", "flag": "🇵🇷", "area": 8870.0, "capitals": ["San Juan"]}, {"name": "Christmas Island", "official_name": "Territory of Christmas Island", "population": 2072, "continents": ["Asia"], "lat": -10.5, "long": 105.66666666, "code_2": "CX", "code_3": "CXR", "flag": "🇨🇽", "area": 135.0, "capitals": ["Flying Fish Cove"]}, {"name": "French Guiana", "official_name": "Guiana", "population": 254541, "continents": ["South America"], "lat": 4.0, "long": -53.0, "code_2": "GF", "code_3": "GUF", "flag": "🇬🇫", "area": 83534.0, "capitals": ["Cayenne"]}, {"name": "Niue", "official_name": "Niue", "population": 1470, "continents": ["Oceania"], "lat": -19.03333333, "long": -169.86666666, "code_2": "NU", "code_3": "NIU", "flag": "🇳🇺", "area": 260.0, "capitals": ["Alofi"]}, {"name": "Svalbard and Jan Mayen", "official_name": "Svalbard og Jan Mayen", "population": 2562, "continents": ["Europe"], "lat": 78.0, "long": 20.0, "code_2": "SJ", "code_3": "SJM", "flag": "🇸🇯", "area": 61399.0, "capitals": ["Longyearbyen"]}, {"name": "Saint Barthélemy", "official_name": "Collectivity of Saint Barthélemy", "population": 4255, "continents": ["North America"], "lat": 18.5, "long": -63.41666666, "code_2": "BL", "code_3": "BLM", "flag": "🇧🇱", "area": 21.0, "capitals": ["Gustavia"]}, {"name": "Martinique", "official_name": "Martinique", "population": 378243, "continents": ["North America"], "lat": 14.666667, "long": -61.0, "code_2": "MQ", "code_3": "MTQ", "flag": "🇲🇶", "area": 1128.0, "capitals": ["Fort-de-France"]}, {"name": "Greenland", "official_name": "Greenland", "population": 56367, "continents": ["North America"], "lat": 72.0, "long": -40.0, "code_2": "GL", "code_3": "GRL", "flag": "🇬🇱", "area": 2166086.0, "capitals": ["Nuuk"]}, {"name": "Saint Pierre and Miquelon", "official_name": "Saint Pierre and Miquelon", "population": 6069, "continents": ["North America"], "lat": 46.83333333, "long": -56.33333333, "code_2": "PM", "code_3": "SPM", "flag": "🇵🇲", "area": 242.0, "capitals": ["Saint-Pierre"]}, {"name": "Tokelau", "official_name": "Tokelau", "population": 1411, "continents": ["Oceania"], "lat": -9.0, "long": -172.0, "code_2": "TK", "code_3": "TKL", "flag": "🇹🇰", "area": 12.0, "capitals": ["Fakaofo"]}, {"name": "British Virgin Islands", "official_name": "Virgin Islands", "population": 30237, "continents": ["North America"], "lat": 18.431383, "long": -64.62305, "code_2": "VG", "code_3": "VGB", "flag": "🇻🇬", "area": 151.0, "capitals": ["Road Town"]}, {"name": "Cayman Islands", "official_name": "Cayman Islands", "population": 65720, "continents": ["North America"], "lat": 19.3133, "long": -81.2546, "code_2": "KY", "code_3": "CYM", "flag": "🇰🇾", "area": 264.0, "capitals": ["George Town"]}, {"name": "British Indian Ocean Territory", "official_name": "British Indian Ocean Territory", "population": 3000, "continents": ["Asia"], "lat": -6.0, "long": 71.5, "code_2": "IO", "code_3": "IOT", "flag": "🇮🇴", "area": 60.0, "capitals": ["Diego Garcia"]}, {"name": "Norfolk Island", "official_name": "Territory of Norfolk Island", "population": 2302, "continents": ["Oceania"], "lat": -29.03333333, "long": 167.95, "code_2": "NF", "code_3": "NFK", "flag": "🇳🇫", "area": 36.0, "capitals": ["Kingston"]}, {"name": "Montserrat", "official_name": "Montserrat", "population": 4922, "continents": ["North America"], "lat": 16.75, "long": -62.2, "code_2": "MS", "code_3": "MSR", "flag": "🇲🇸", "area": 102.0, "capitals": ["Plymouth"]}, {"name": "French Southern and Antarctic Lands", "official_name": "Territory of the French Southern and Antarctic Lands", "population": 400, "continents": ["Antarctica"], "lat": -49.25, "long": 69.167, "code_2": "TF", "code_3": "ATF", "flag": "🇹🇫", "area": 7747.0, "capitals": ["Port-aux-Français"]}, {"name": "Taiwan", "official_name": "Republic of China (Taiwan)", "population": 23503349, "continents": ["Asia"], "lat": 23.5, "long": 121.0, "code_2": "TW", "code_3": "TWN", "flag": "🇹🇼", "area": 36193.0, "capitals": ["Taipei"]}, {"name": "Isle of Man", "official_name": "Isle of Man", "population": 85032, "continents": ["Europe"], "lat": 54.25, "long": -4.5, "code_2": "IM", "code_3": "IMN", "flag": "🇮🇲", "area": 572.0, "capitals": ["Douglas"]}, {"name": "Mayotte", "official_name": "Department of Mayotte", "population": 226915, "continents": ["Africa"], "lat": -12.83333333, "long": 45.16666666, "code_2": "YT", "code_3": "MYT", "flag": "🇾🇹", "area": 374.0, "capitals": ["Mamoudzou"]}, {"name": "New Caledonia", "official_name": "New Caledonia", "population": 271960, "continents": ["Oceania"], "lat": -21.5, "long": 165.5, "code_2": "NC", "code_3": "NCL", "flag": "🇳🇨", "area": 18575.0, "capitals": ["Nouméa"]}, {"name": "United States Virgin Islands", "official_name": "Virgin Islands of the United States", "population": 106290, "continents": ["North America"], "lat": 18.35, "long": -64.933333, "code_2": "VI", "code_3": "VIR", "flag": "🇻🇮", "area": 347.0, "capitals": ["Charlotte Amalie"]}, {"name": "Saint Helena, Ascension and Tristan da Cunha", "official_name": "Saint Helena, Ascension and Tristan da Cunha", "population": 53192, "continents": ["Africa"], "lat": -15.95, "long": -5.72, "code_2": "SH", "code_3": "SHN", "flag": "🇸🇭", "area": 394.0, "capitals": ["Jamestown"]}, {"name": "Bouvet Island", "official_name": "Bouvet Island", "population": 0, "continents": ["Antarctica"], "lat": 54.4208, "long": 3.3464, "code_2": "BV", "code_3": "BVT", "flag": "🇧🇻", "area": 49.0, "capitals": []}, {"name": "Anguilla", "official_name": "Anguilla", "population": 13452, "continents": ["North America"], "lat": 18.25, "long": -63.16666666, "code_2": "AI", "code_3": "AIA", "flag": "🇦🇮", "area": 91.0, "capitals": ["The Valley"]}, {"name": "Åland Islands", "official_name": "Åland Islands", "population": 29458, "continents": ["Europe"], "lat": 60.116667, "long": 19.9, "code_2": "AX", "code_3": "ALA", "flag": "🇦🇽", "area": 1580.0, "capitals": ["Mariehamn"]}, {"name": "Wallis and Futuna", "official_name": "Territory of the Wallis and Futuna Islands", "population": 11750, "continents": ["Oceania"], "lat": -13.3, "long": -176.2, "code_2": "WF", "code_3": "WLF", "flag": "🇼🇫", "area": 142.0, "capitals": ["Mata-Utu"]}, {"name": "United States Minor Outlying Islands", "official_name": "United States Minor Outlying Islands", "population": 300, "continents": ["Oceania"], "lat": 19.3, "long": 166.633333, "code_2": "UM", "code_3": "UMI", "flag": "🇺🇲", "area": 34.2, "capitals": ["Washington DC"]}, {"name": "Macau", "official_name": "Macao Special Administrative Region of the People's Republic of China", "population": 649342, "continents": ["Asia"], "lat": 22.16666666, "long": 113.55, "code_2": "MO", "code_3": "MAC", "flag": "🇲🇴", "area": 30.0, "capitals": []}, {"name": "Réunion", "official_name": "Réunion Island", "population": 840974, "continents": ["Africa"], "lat": -21.15, "long": 55.5, "code_2": "RE", "code_3": "REU", "flag": "🇷🇪", "area": 2511.0, "capitals": ["Saint-Denis"]}, {"name": "Northern Mariana Islands", "official_name": "Commonwealth of the Northern Mariana Islands", "population": 57557, "continents": ["Oceania"], "lat": 15.2, "long": 145.75, "code_2": "MP", "code_3": "MNP", "flag": "🇲🇵", "area": 464.0, "capitals": ["Saipan"]}, {"name": "South Georgia", "official_name": "South Georgia and the South Sandwich Islands", "population": 30, "continents": ["Antarctica"], "lat": -54.5, "long": -37.0, "code_2": "GS", "code_3": "SGS", "flag": "🇬🇸", "area": 3903.0, "capitals": ["King Edward Point"]}, {"name": "Turks and Caicos Islands", "official_name": "Turks and Caicos Islands", "population": 38718, "continents": ["North America"], "lat": 21.75, "long": -71.58333333, "code_2": "TC", "code_3": "TCA", "flag": "🇹🇨", "area": 948.0, "capitals": ["Cockburn Town"]}, {"name": "Faroe Islands", "official_name": "Faroe Islands", "population": 48865, "continents": ["Europe"], "lat": 62.0, "long": -7.0, "code_2": "FO", "code_3": "FRO", "flag": "🇫🇴", "area": 1393.0, "capitals": ["Tórshavn"]}, {"name": "Antarctica", "official_name": "Antarctica", "population": 1000, "continents": ["Antarctica"], "lat": -90.0, "long": 0.0, "code_2": "AQ", "code_3": "ATA", "flag": "🇦🇶", "area": 14000000.0, "capitals": []}, {"name": "Palestine", "official_name": "State of Palestine", "population": 4803269, "continents": ["Asia"], "lat": 31.9, "long": 35.2, "code_2": "PS", "code_3": "PSE", "flag": "🇵🇸", "area": 6220.0, "capitals": ["Ramallah", "Jerusalem"]}, {"name": "Gibraltar", "official_name": "Gibraltar", "population": 33691, "continents": ["Europe"], "lat": 36.13333333, "long": -5.35, "code_2": "GI", "code_3": "GIB", "flag": "🇬🇮", "area": 6.0, "capitals": ["Gibraltar"]}, {"name": "French Polynesia", "official_name": "French Polynesia", "population": 280904, "continents": ["Oceania"], "lat": 17.6797, "long": 149.4068, "code_2": "PF", "code_3": "PYF", "flag": "🇵🇫", "area": 4167.0, "capitals": ["Papeetē"]}, {"name": "Pitcairn Islands", "official_name": "Pitcairn Group of Islands", "population": 56, "continents": ["Oceania"], "lat": -25.06666666, "long": -130.1, "code_2": "PN", "code_3": "PCN", "flag": "🇵🇳", "area": 47.0, "capitals": ["Adamstown"]}, {"name": "Caribbean Netherlands", "official_name": "Bonaire, Sint Eustatius and Saba", "population": 25987, "continents": ["North America"], "lat": 12.18, "long": -68.25, "code_2": "BQ", "code_3": "BES", "flag": "🇧🇶", "area": 328.0, "capitals": ["Kralendijk"]}, {"name": "Aruba", "official_name": "Aruba", "population": 106766, "continents": ["North America"], "lat": 12.5, "long": -69.96666666, "code_2": "AW", "code_3": "ABW", "flag": "🇦🇼", "area": 180.0, "capitals": ["Oranjestad"]}, {"name": "Guadeloupe", "official_name": "Guadeloupe", "population": 400132, "continents": ["North America"], "lat": 16.25, "long": -61.583333, "code_2": "GP", "code_3": "GLP", "flag": "🇬🇵", "area": 1628.0, "capitals": ["Basse-Terre"]}, {"name": "Cocos (Keeling) Islands", "official_name": "Territory of the Cocos (Keeling) Islands", "population": 544, "continents": ["Asia"], "lat": 12.1642, "long": 96.871, "code_2": "CC", "code_3": "CCK", "flag": "🇨🇨", "area": 14.0, "capitals": ["West Island"]}, {"name": "Heard Island and McDonald Islands", "official_name": "Heard Island and McDonald Islands", "population": 0, "continents": ["Antarctica"], "lat": 53.0818, "long": 73.5042, "code_2": "HM", "code_3": "HMD", "flag": "🇭🇲", "area": 412.0, "capitals": []}, {"name": "Sint Maarten", "official_name": "Sint Maarten", "population": 40812, "continents": ["North America"], "lat": 18.033333, "long": -63.05, "code_2": "SX", "code_3": "SXM", "flag": "🇸🇽", "area": 34.0, "capitals": ["Philipsburg"]}, {"name": "Falkland Islands", "official_name": "Falkland Islands", "population": 2563, "continents": ["South America"], "lat": -51.75, "long": -59.0, "code_2": "FK", "code_3": "FLK", "flag": "🇫🇰", "area": 12173.0, "capitals": ["Stanley"]}, {"name": "Curaçao", "official_name": "Country of Curaçao", "population": 155014, "continents": ["North America"], "lat": 12.116667, "long": -68.933333, "code_2": "CW", "code_3": "CUW", "flag": "🇨🇼", "area": 444.0, "capitals": ["Willemstad"]}, {"name": "Guernsey", "official_name": "Bailiwick of Guernsey", "population": 62999, "continents": ["Europe"], "lat": 49.46666666, "long": -2.58333333, "code_2": "GG", "code_3": "GGY", "flag": "🇬🇬", "area": 78.0, "capitals": ["St. Peter Port"]}, {"name": "Kosovo", "official_name": "Republic of Kosovo", "population": 1775378, "continents": ["Europe"], "lat": 42.666667, "long": 21.166667, "code_2": "XK", "code_3": "UNK", "flag": "🇽🇰", "area": 10908.0, "capitals": ["Pristina"]}, {"name": "Hong Kong", "official_name": "Hong Kong Special Administrative Region of the People's Republic of China", "population": 7500700, "continents": ["Asia"], "lat": 22.267, "long": 114.188, "code_2": "HK", "code_3": "HKG", "flag": "🇭🇰", "area": 1104.0, "capitals": ["City of Victoria"]}]